"ORDER_ID","TASK_INSTANCE_ID","TASK_STATUS_IN_FD","TASK_STATUS_IN_SWIFT"
"553150410","AP-EXT-553150410-4783505-MON-1-0-1001-UNI-345030570-1-CREATE-UNI-1-2","Cancelled","Ordered"
"552921811","AP-EXT-552921811-4499608-MON-2-0-1-DELETE-XVC-TL-1-8","Completed","Cancelled"
"552993192","AP-EXT-552993192-4591224-MON-2-0-1-DELETE-XVC-TL-1-8","Completed","Cancelled"
"552914824","AP-EXT-552914824-4495254-MON-2-0-1-DELETE-XVC-TL-1-8","Completed","Cancelled"
"552880665","AP-EXT-552880665-4460227-MON-2-0-1-DELETE-XVC-TL-1-8","Completed","Cancelled"
"552703337","AP-EXT-552703337-4260605-MON-1-0-1-DELETE-XVC-TL-1-7","Completed","Ordered"
"552671268","AP-EXT-552671268-4221027-MON-1-0-1-DELETE-XVC-TL-1-8","Completed","Ordered"
"552668369","AP-EXT-552668369-4218878-MON-1-0-1-DELETE-XVC-TL-1-8","Completed","Ordered"
"552666778","AP-EXT-552666778-4218625-MON-1-0-1-DELETE-XVC-TL-1-8","Completed","Ordered"
"552697786","AP-EXT-552697786-4249994-MON-1-0-1-DELETE-XVC-TL-1-8","Completed","Ordered"
"552622909","AP-EXT-552622909-4158497-MON-1-0-1-DELETE-XVC-TL-1-8","Completed","Ordered"
"552595859","AP-EXT-552595859-4115773-MON-1-0-1-DELETE-XVC-TL-1-8","Completed","Ordered"
"552605502","AP-EXT-552605502-4132943-MON-1-0-1-DELETE-XVC-TL-1-8","Completed","Ordered"
"552531230","AP-EXT-552531230-4018202-MON-1-0-1-DELETE-XVC-TL-1-8","Completed","Ordered"
"552527209","AP-EXT-552527209-4012536-MON-1-0-1-DELETE-XVC-TL-1-8","Completed","Ordered"
"552069569","AP-EXT-552069569-4082613-MON-1-0-1-DELETE-XVC-TL-1-8","Completed","Ordered"
"552476313","AP-EXT-552476313-3959533-MON-1-0-1-DELETE-XVC-TL-1-8","Completed","Ordered"
"552290657","AP-EXT-552290657-3718329-MON-1-0-1-DELETE-UNI-1-3","Completed","Closed"
"552290657","AP-EXT-552290657-3718329-MON-1-0-1-DELETE-UNI-1-3","Completed","Closed"
"552321292","AP-EXT-552321292-3782031-MON-1-0-1001-xVC-341541100-1-1-CREATE-XVC-SL-1-CREATE-OLINE-2-1-820f8d11-ec7d-4b07-bcd4-95a671169fde","Complete","Closed"
"552349865","AP-EXT-552349865-3804779-MON-1-0-1-DELETE-XVC-TL-1-8","Completed","Ordered"
"552708623","AP-EXT-552708623-4544114-MON-2-0-DIA-343091455-C-1-CREATE-OLINE-1-10","Completed","Closed"
"553300220","AP-EXT-553300220-5001518-MON-1-0-DIA-344798498-C-1-CREATE-HEADLESS-DIA-1-8","Completed","Ordered"
"552555758","AP-EXT-552555758-4644971-MON-2-0-DIA-341986217-C-1-CREATE-HEADLESS-DIA-1-8","Completed","Closed"
"552555758","AP-EXT-552555758-4644971-MON-2-0-DIA-341986217-C-1-CREATE-HEADLESS-DIA-1-8","Completed","Closed"
"552555758","AP-EXT-552555758-4644971-MON-2-0-DIA-341986217-C-1-CREATE-HEADLESS-DIA-1-8","Completed","Closed"
"552555758","AP-EXT-552555758-4644971-MON-2-0-DIA-341986217-C-1-CREATE-HEADLESS-DIA-1-8","Completed","Closed"
"552555758","AP-EXT-552555758-4644971-MON-2-0-DIA-341986217-C-1-CREATE-HEADLESS-DIA-1-8","Completed","Closed"
"552555758","AP-EXT-552555758-4644971-MON-2-0-DIA-341986217-C-1-CREATE-HEADLESS-DIA-1-8","Completed","Closed"
"552555758","AP-EXT-552555758-4644971-MON-2-0-DIA-341986217-C-1-CREATE-HEADLESS-DIA-1-8","Completed","Closed"
"552555758","AP-EXT-552555758-4644971-MON-2-0-DIA-341986217-C-1-CREATE-HEADLESS-DIA-1-8","Completed","Closed"
"552555758","AP-EXT-552555758-4644971-MON-2-0-DIA-341986217-C-1-CREATE-HEADLESS-DIA-1-8","Completed","Closed"
"552555758","AP-EXT-552555758-4644971-MON-2-0-DIA-341986217-C-1-CREATE-HEADLESS-DIA-1-8","Completed","Closed"
"552555758","AP-EXT-552555758-4644971-MON-2-0-DIA-341986217-C-1-CREATE-HEADLESS-DIA-1-8","Completed","Closed"
"552555758","AP-EXT-552555758-4644971-MON-2-0-DIA-341986217-C-1-CREATE-HEADLESS-DIA-1-8","Completed","Closed"
"552555758","AP-EXT-552555758-4644971-MON-2-0-DIA-341986217-C-1-CREATE-HEADLESS-DIA-1-8","Completed","Closed"
"552555758","AP-EXT-552555758-4644971-MON-2-0-DIA-341986217-C-1-CREATE-HEADLESS-DIA-1-8","Completed","Closed"
"552555758","AP-EXT-552555758-4644971-MON-2-0-DIA-341986217-C-1-CREATE-HEADLESS-DIA-1-8","Completed","Closed"
"552555758","AP-EXT-552555758-4644971-MON-2-0-DIA-341986217-C-1-CREATE-HEADLESS-DIA-1-8","Completed","Closed"
"552555758","AP-EXT-552555758-4644971-MON-2-0-DIA-341986217-C-1-CREATE-HEADLESS-DIA-1-8","Completed","Closed"
"552555758","AP-EXT-552555758-4644971-MON-2-0-DIA-341986217-C-1-CREATE-HEADLESS-DIA-1-8","Completed","Closed"
"552555758","AP-EXT-552555758-4644971-MON-2-0-DIA-341986217-C-1-CREATE-HEADLESS-DIA-1-8","Completed","Closed"
"552555758","AP-EXT-552555758-4644971-MON-2-0-DIA-341986217-C-1-CREATE-HEADLESS-DIA-1-8","Completed","Closed"
"552555758","AP-EXT-552555758-4644971-MON-2-0-DIA-341986217-C-1-CREATE-HEADLESS-DIA-1-8","Completed","Closed"
"552555758","AP-EXT-552555758-4644971-MON-2-0-DIA-341986217-C-1-CREATE-HEADLESS-DIA-1-8","Completed","Closed"
"552555758","AP-EXT-552555758-4644971-MON-2-0-DIA-341986217-C-1-CREATE-HEADLESS-DIA-1-8","Completed","Closed"
"552555758","AP-EXT-552555758-4644971-MON-2-0-DIA-341986217-C-1-CREATE-HEADLESS-DIA-1-8","Completed","Closed"
"552555758","AP-EXT-552555758-4644971-MON-2-0-DIA-341986217-C-1-CREATE-HEADLESS-DIA-1-8","Completed","Closed"
"552555758","AP-EXT-552555758-4644971-MON-2-0-DIA-341986217-C-1-CREATE-HEADLESS-DIA-1-8","Completed","Closed"
"552555758","AP-EXT-552555758-4644971-MON-2-0-DIA-341986217-C-1-CREATE-HEADLESS-DIA-1-8","Completed","Closed"
"552555758","AP-EXT-552555758-4644971-MON-2-0-DIA-341986217-C-1-CREATE-HEADLESS-DIA-1-8","Completed","Closed"
"552555758","AP-EXT-552555758-4644971-MON-2-0-DIA-341986217-C-1-CREATE-HEADLESS-DIA-1-8","Completed","Closed"
"552555758","AP-EXT-552555758-4644971-MON-2-0-DIA-341986217-C-1-CREATE-HEADLESS-DIA-1-8","Completed","Closed"
"552555758","AP-EXT-552555758-4644971-MON-2-0-DIA-341986217-C-1-CREATE-HEADLESS-DIA-1-8","Completed","Closed"
"552555758","AP-EXT-552555758-4644971-MON-2-0-DIA-341986217-C-1-CREATE-HEADLESS-DIA-1-8","Completed","Closed"
"552555758","AP-EXT-552555758-4644971-MON-2-0-DIA-341986217-C-1-CREATE-HEADLESS-DIA-1-8","Completed","Closed"
"552555758","AP-EXT-552555758-4644971-MON-2-0-DIA-341986217-C-1-CREATE-HEADLESS-DIA-1-8","Completed","Closed"
"552555758","AP-EXT-552555758-4644971-MON-2-0-DIA-341986217-C-1-CREATE-HEADLESS-DIA-1-8","Completed","Closed"
"552555758","AP-EXT-552555758-4644971-MON-2-0-DIA-341986217-C-1-CREATE-HEADLESS-DIA-1-8","Completed","Closed"
"552555758","AP-EXT-552555758-4644971-MON-2-0-DIA-341986217-C-1-CREATE-HEADLESS-DIA-1-8","Completed","Closed"
"552555758","AP-EXT-552555758-4644971-MON-2-0-DIA-341986217-C-1-CREATE-HEADLESS-DIA-1-8","Completed","Closed"
"552555758","AP-EXT-552555758-4644971-MON-2-0-DIA-341986217-C-1-CREATE-HEADLESS-DIA-1-8","Completed","Closed"
"552555758","AP-EXT-552555758-4644971-MON-2-0-DIA-341986217-C-1-CREATE-HEADLESS-DIA-1-8","Completed","Closed"
"552555758","AP-EXT-552555758-4644971-MON-2-0-DIA-341986217-C-1-CREATE-HEADLESS-DIA-1-8","Completed","Closed"
"552555758","AP-EXT-552555758-4644971-MON-2-0-DIA-341986217-C-1-CREATE-HEADLESS-DIA-1-8","Completed","Closed"
"552555758","AP-EXT-552555758-4644971-MON-2-0-DIA-341986217-C-1-CREATE-HEADLESS-DIA-1-8","Completed","Closed"
"552555758","AP-EXT-552555758-4644971-MON-2-0-DIA-341986217-C-1-CREATE-HEADLESS-DIA-1-8","Completed","Closed"
"552555758","AP-EXT-552555758-4644971-MON-2-0-DIA-341986217-C-1-CREATE-HEADLESS-DIA-1-8","Completed","Closed"
"552555758","AP-EXT-552555758-4644971-MON-2-0-DIA-341986217-C-1-CREATE-HEADLESS-DIA-1-8","Completed","Closed"
"552555758","AP-EXT-552555758-4644971-MON-2-0-DIA-341986217-C-1-CREATE-HEADLESS-DIA-1-8","Completed","Closed"
"552555758","AP-EXT-552555758-4644971-MON-2-0-DIA-341986217-C-1-CREATE-HEADLESS-DIA-1-8","Completed","Closed"
"552555758","AP-EXT-552555758-4644971-MON-2-0-DIA-341986217-C-1-CREATE-HEADLESS-DIA-1-8","Completed","Closed"
"552555758","AP-EXT-552555758-4644971-MON-2-0-DIA-341986217-C-1-CREATE-HEADLESS-DIA-1-8","Completed","Closed"
"552555758","AP-EXT-552555758-4644971-MON-2-0-DIA-341986217-C-1-CREATE-HEADLESS-DIA-1-8","Completed","Closed"
"552555758","AP-EXT-552555758-4644971-MON-2-0-DIA-341986217-C-1-CREATE-HEADLESS-DIA-1-8","Completed","Closed"
"552555758","AP-EXT-552555758-4644971-MON-2-0-DIA-341986217-C-1-CREATE-HEADLESS-DIA-1-8","Completed","Closed"
"552555758","AP-EXT-552555758-4644971-MON-2-0-DIA-341986217-C-1-CREATE-HEADLESS-DIA-1-8","Completed","Closed"
"552555758","AP-EXT-552555758-4644971-MON-2-0-DIA-341986217-C-1-CREATE-HEADLESS-DIA-1-8","Completed","Closed"
"552555758","AP-EXT-552555758-4644971-MON-2-0-DIA-341986217-C-1-CREATE-HEADLESS-DIA-1-8","Completed","Closed"
"552555758","AP-EXT-552555758-4644971-MON-2-0-DIA-341986217-C-1-CREATE-HEADLESS-DIA-1-8","Completed","Closed"
"552555758","AP-EXT-552555758-4644971-MON-2-0-DIA-341986217-C-1-CREATE-HEADLESS-DIA-1-8","Completed","Closed"
"552555758","AP-EXT-552555758-4644971-MON-2-0-DIA-341986217-C-1-CREATE-HEADLESS-DIA-1-8","Completed","Closed"
"552555758","AP-EXT-552555758-4644971-MON-2-0-DIA-341986217-C-1-CREATE-HEADLESS-DIA-1-8","Completed","Closed"
"552555758","AP-EXT-552555758-4644971-MON-2-0-DIA-341986217-C-1-CREATE-HEADLESS-DIA-1-8","Completed","Closed"
"552555758","AP-EXT-552555758-4644971-MON-2-0-DIA-341986217-C-1-CREATE-HEADLESS-DIA-1-8","Completed","Closed"
"552555758","AP-EXT-552555758-4644971-MON-2-0-DIA-341986217-C-1-CREATE-HEADLESS-DIA-1-8","Completed","Closed"
"552555758","AP-EXT-552555758-4644971-MON-2-0-DIA-341986217-C-1-CREATE-HEADLESS-DIA-1-8","Completed","Closed"
"552555758","AP-EXT-552555758-4644971-MON-2-0-DIA-341986217-C-1-CREATE-HEADLESS-DIA-1-8","Completed","Closed"
"552555758","AP-EXT-552555758-4644971-MON-2-0-DIA-341986217-C-1-CREATE-HEADLESS-DIA-1-8","Completed","Closed"
"552555758","AP-EXT-552555758-4644971-MON-2-0-DIA-341986217-C-1-CREATE-HEADLESS-DIA-1-8","Completed","Closed"
"552555758","AP-EXT-552555758-4644971-MON-2-0-DIA-341986217-C-1-CREATE-HEADLESS-DIA-1-8","Completed","Closed"
"552555758","AP-EXT-552555758-4644971-MON-2-0-DIA-341986217-C-1-CREATE-HEADLESS-DIA-1-8","Completed","Closed"
"552555758","AP-EXT-552555758-4644971-MON-2-0-DIA-341986217-C-1-CREATE-HEADLESS-DIA-1-8","Completed","Closed"
"552555758","AP-EXT-552555758-4644971-MON-2-0-DIA-341986217-C-1-CREATE-HEADLESS-DIA-1-8","Completed","Closed"
"552555758","AP-EXT-552555758-4644971-MON-2-0-DIA-341986217-C-1-CREATE-HEADLESS-DIA-1-8","Completed","Closed"
"552555758","AP-EXT-552555758-4644971-MON-2-0-DIA-341986217-C-1-CREATE-HEADLESS-DIA-1-8","Completed","Closed"
"552555758","AP-EXT-552555758-4644971-MON-2-0-DIA-341986217-C-1-CREATE-HEADLESS-DIA-1-8","Completed","Closed"
"552555758","AP-EXT-552555758-4644971-MON-2-0-DIA-341986217-C-1-CREATE-HEADLESS-DIA-1-8","Completed","Closed"
"552555758","AP-EXT-552555758-4644971-MON-2-0-DIA-341986217-C-1-CREATE-HEADLESS-DIA-1-8","Completed","Closed"
"552555758","AP-EXT-552555758-4644971-MON-2-0-DIA-341986217-C-1-CREATE-HEADLESS-DIA-1-8","Completed","Closed"
"552555758","AP-EXT-552555758-4644971-MON-2-0-DIA-341986217-C-1-CREATE-HEADLESS-DIA-1-8","Completed","Closed"
"552555758","AP-EXT-552555758-4644971-MON-2-0-DIA-341986217-C-1-CREATE-HEADLESS-DIA-1-8","Completed","Closed"
"552555758","AP-EXT-552555758-4644971-MON-2-0-DIA-341986217-C-1-CREATE-HEADLESS-DIA-1-8","Completed","Closed"
"552555758","AP-EXT-552555758-4644971-MON-2-0-DIA-341986217-C-1-CREATE-HEADLESS-DIA-1-8","Completed","Closed"
"552555758","AP-EXT-552555758-4644971-MON-2-0-DIA-341986217-C-1-CREATE-HEADLESS-DIA-1-8","Completed","Closed"
"552555758","AP-EXT-552555758-4644971-MON-2-0-DIA-341986217-C-1-CREATE-HEADLESS-DIA-1-8","Completed","Closed"
"552555758","AP-EXT-552555758-4644971-MON-2-0-DIA-341986217-C-1-CREATE-HEADLESS-DIA-1-8","Completed","Closed"
"552555758","AP-EXT-552555758-4644971-MON-2-0-DIA-341986217-C-1-CREATE-HEADLESS-DIA-1-8","Completed","Closed"
"552555758","AP-EXT-552555758-4644971-MON-2-0-DIA-341986217-C-1-CREATE-HEADLESS-DIA-1-8","Completed","Closed"
"552555758","AP-EXT-552555758-4644971-MON-2-0-DIA-341986217-C-1-CREATE-HEADLESS-DIA-1-8","Completed","Closed"
"552555758","AP-EXT-552555758-4644971-MON-2-0-DIA-341986217-C-1-CREATE-HEADLESS-DIA-1-8","Completed","Closed"
"552555758","AP-EXT-552555758-4644971-MON-2-0-DIA-341986217-C-1-CREATE-HEADLESS-DIA-1-8","Completed","Closed"
"552555758","AP-EXT-552555758-4644971-MON-2-0-DIA-341986217-C-1-CREATE-HEADLESS-DIA-1-8","Completed","Closed"
"552555758","AP-EXT-552555758-4644971-MON-2-0-DIA-341986217-C-1-CREATE-HEADLESS-DIA-1-8","Completed","Closed"
"552555758","AP-EXT-552555758-4644971-MON-2-0-DIA-341986217-C-1-CREATE-HEADLESS-DIA-1-8","Completed","Closed"
"552555758","AP-EXT-552555758-4644971-MON-2-0-DIA-341986217-C-1-CREATE-HEADLESS-DIA-1-8","Completed","Closed"
"552555758","AP-EXT-552555758-4644971-MON-2-0-DIA-341986217-C-1-CREATE-HEADLESS-DIA-1-8","Completed","Closed"
"552555758","AP-EXT-552555758-4644971-MON-2-0-DIA-341986217-C-1-CREATE-HEADLESS-DIA-1-8","Completed","Closed"
"552555758","AP-EXT-552555758-4644971-MON-2-0-DIA-341986217-C-1-CREATE-HEADLESS-DIA-1-8","Completed","Closed"
"552555758","AP-EXT-552555758-4644971-MON-2-0-DIA-341986217-C-1-CREATE-HEADLESS-DIA-1-8","Completed","Closed"
"552555758","AP-EXT-552555758-4644971-MON-2-0-DIA-341986217-C-1-CREATE-HEADLESS-DIA-1-8","Completed","Closed"
"552555758","AP-EXT-552555758-4644971-MON-2-0-DIA-341986217-C-1-CREATE-HEADLESS-DIA-1-8","Completed","Closed"
"552555758","AP-EXT-552555758-4644971-MON-2-0-DIA-341986217-C-1-CREATE-HEADLESS-DIA-1-8","Completed","Closed"
"552555758","AP-EXT-552555758-4644971-MON-2-0-DIA-341986217-C-1-CREATE-HEADLESS-DIA-1-8","Completed","Closed"
"552555758","AP-EXT-552555758-4644971-MON-2-0-DIA-341986217-C-1-CREATE-HEADLESS-DIA-1-8","Completed","Closed"
"552555758","AP-EXT-552555758-4644971-MON-2-0-DIA-341986217-C-1-CREATE-HEADLESS-DIA-1-8","Completed","Closed"
"552555758","AP-EXT-552555758-4644971-MON-2-0-DIA-341986217-C-1-CREATE-HEADLESS-DIA-1-8","Completed","Closed"
"552555758","AP-EXT-552555758-4644971-MON-2-0-DIA-341986217-C-1-CREATE-HEADLESS-DIA-1-8","Completed","Closed"
"552555758","AP-EXT-552555758-4644971-MON-2-0-DIA-341986217-C-1-CREATE-HEADLESS-DIA-1-8","Completed","Closed"
"552555758","AP-EXT-552555758-4644971-MON-2-0-DIA-341986217-C-1-CREATE-HEADLESS-DIA-1-8","Completed","Closed"
"552555758","AP-EXT-552555758-4644971-MON-2-0-DIA-341986217-C-1-CREATE-HEADLESS-DIA-1-8","Completed","Closed"
"552555758","AP-EXT-552555758-4644971-MON-2-0-DIA-341986217-C-1-CREATE-HEADLESS-DIA-1-8","Completed","Closed"
"552555758","AP-EXT-552555758-4644971-MON-2-0-DIA-341986217-C-1-CREATE-HEADLESS-DIA-1-8","Completed","Closed"
"552555758","AP-EXT-552555758-4644971-MON-2-0-DIA-341986217-C-1-CREATE-HEADLESS-DIA-1-8","Completed","Closed"
"552555758","AP-EXT-552555758-4644971-MON-2-0-DIA-341986217-C-1-CREATE-HEADLESS-DIA-1-8","Completed","Closed"
"552555758","AP-EXT-552555758-4644971-MON-2-0-DIA-341986217-C-1-CREATE-HEADLESS-DIA-1-8","Completed","Closed"
"552555758","AP-EXT-552555758-4644971-MON-2-0-DIA-341986217-C-1-CREATE-HEADLESS-DIA-1-8","Completed","Closed"
"552555758","AP-EXT-552555758-4644971-MON-2-0-DIA-341986217-C-1-CREATE-HEADLESS-DIA-1-8","Completed","Closed"
"552555758","AP-EXT-552555758-4644971-MON-2-0-DIA-341986217-C-1-CREATE-HEADLESS-DIA-1-8","Completed","Closed"
"552555758","AP-EXT-552555758-4644971-MON-2-0-DIA-341986217-C-1-CREATE-HEADLESS-DIA-1-8","Completed","Closed"
"552555758","AP-EXT-552555758-4644971-MON-2-0-DIA-341986217-C-1-CREATE-HEADLESS-DIA-1-8","Completed","Closed"
"552555758","AP-EXT-552555758-4644971-MON-2-0-DIA-341986217-C-1-CREATE-HEADLESS-DIA-1-8","Completed","Closed"
"552555758","AP-EXT-552555758-4644971-MON-2-0-DIA-341986217-C-1-CREATE-HEADLESS-DIA-1-8","Completed","Closed"
"552555758","AP-EXT-552555758-4644971-MON-2-0-DIA-341986217-C-1-CREATE-HEADLESS-DIA-1-8","Completed","Closed"
"552555758","AP-EXT-552555758-4644971-MON-2-0-DIA-341986217-C-1-CREATE-HEADLESS-DIA-1-8","Completed","Closed"
"552555758","AP-EXT-552555758-4644971-MON-2-0-DIA-341986217-C-1-CREATE-HEADLESS-DIA-1-8","Completed","Closed"
"552555758","AP-EXT-552555758-4644971-MON-2-0-DIA-341986217-C-1-CREATE-HEADLESS-DIA-1-8","Completed","Closed"
"552555758","AP-EXT-552555758-4644971-MON-2-0-DIA-341986217-C-1-CREATE-HEADLESS-DIA-1-8","Completed","Closed"
"552555758","AP-EXT-552555758-4644971-MON-2-0-DIA-341986217-C-1-CREATE-HEADLESS-DIA-1-8","Completed","Closed"
"552555758","AP-EXT-552555758-4644971-MON-2-0-DIA-341986217-C-1-CREATE-HEADLESS-DIA-1-8","Completed","Closed"
"552555758","AP-EXT-552555758-4644971-MON-2-0-DIA-341986217-C-1-CREATE-HEADLESS-DIA-1-8","Completed","Closed"
"552555758","AP-EXT-552555758-4644971-MON-2-0-DIA-341986217-C-1-CREATE-HEADLESS-DIA-1-8","Completed","Closed"
"552555758","AP-EXT-552555758-4644971-MON-2-0-DIA-341986217-C-1-CREATE-HEADLESS-DIA-1-8","Completed","Closed"
"552555758","AP-EXT-552555758-4644971-MON-2-0-DIA-341986217-C-1-CREATE-HEADLESS-DIA-1-8","Completed","Closed"
"552555758","AP-EXT-552555758-4644971-MON-2-0-DIA-341986217-C-1-CREATE-HEADLESS-DIA-1-8","Completed","Closed"
"552555758","AP-EXT-552555758-4644971-MON-2-0-DIA-341986217-C-1-CREATE-HEADLESS-DIA-1-8","Completed","Closed"
"552555758","AP-EXT-552555758-4644971-MON-2-0-DIA-341986217-C-1-CREATE-HEADLESS-DIA-1-8","Completed","Closed"
"552555758","AP-EXT-552555758-4644971-MON-2-0-DIA-341986217-C-1-CREATE-HEADLESS-DIA-1-8","Completed","Closed"
"552555758","AP-EXT-552555758-4644971-MON-2-0-DIA-341986217-C-1-CREATE-HEADLESS-DIA-1-8","Completed","Closed"
"552555758","AP-EXT-552555758-4644971-MON-2-0-DIA-341986217-C-1-CREATE-HEADLESS-DIA-1-8","Completed","Closed"
"552555758","AP-EXT-552555758-4644971-MON-2-0-DIA-341986217-C-1-CREATE-HEADLESS-DIA-1-8","Completed","Closed"
"552555758","AP-EXT-552555758-4644971-MON-2-0-DIA-341986217-C-1-CREATE-HEADLESS-DIA-1-8","Completed","Closed"
"552555758","AP-EXT-552555758-4644971-MON-2-0-DIA-341986217-C-1-CREATE-HEADLESS-DIA-1-8","Completed","Closed"
"552555758","AP-EXT-552555758-4644971-MON-2-0-DIA-341986217-C-1-CREATE-HEADLESS-DIA-1-8","Completed","Closed"
"552555758","AP-EXT-552555758-4644971-MON-2-0-DIA-341986217-C-1-CREATE-HEADLESS-DIA-1-8","Completed","Closed"
"552555758","AP-EXT-552555758-4644971-MON-2-0-DIA-341986217-C-1-CREATE-HEADLESS-DIA-1-8","Completed","Closed"
"552555758","AP-EXT-552555758-4644971-MON-2-0-DIA-341986217-C-1-CREATE-HEADLESS-DIA-1-8","Completed","Closed"
"552555758","AP-EXT-552555758-4644971-MON-2-0-DIA-341986217-C-1-CREATE-HEADLESS-DIA-1-8","Completed","Closed"
"552555758","AP-EXT-552555758-4644971-MON-2-0-DIA-341986217-C-1-CREATE-HEADLESS-DIA-1-8","Completed","Closed"
"552555758","AP-EXT-552555758-4644971-MON-2-0-DIA-341986217-C-1-CREATE-HEADLESS-DIA-1-8","Completed","Closed"
"552555758","AP-EXT-552555758-4644971-MON-2-0-DIA-341986217-C-1-CREATE-HEADLESS-DIA-1-8","Completed","Closed"
"552555758","AP-EXT-552555758-4644971-MON-2-0-DIA-341986217-C-1-CREATE-HEADLESS-DIA-1-8","Completed","Closed"
"552555758","AP-EXT-552555758-4644971-MON-2-0-DIA-341986217-C-1-CREATE-HEADLESS-DIA-1-8","Completed","Closed"
"552555758","AP-EXT-552555758-4644971-MON-2-0-DIA-341986217-C-1-CREATE-HEADLESS-DIA-1-8","Completed","Closed"
"552555758","AP-EXT-552555758-4644971-MON-2-0-DIA-341986217-C-1-CREATE-HEADLESS-DIA-1-8","Completed","Closed"
"552555758","AP-EXT-552555758-4644971-MON-2-0-DIA-341986217-C-1-CREATE-HEADLESS-DIA-1-8","Completed","Closed"
"552555758","AP-EXT-552555758-4644971-MON-2-0-DIA-341986217-C-1-CREATE-HEADLESS-DIA-1-8","Completed","Closed"
"552555758","AP-EXT-552555758-4644971-MON-2-0-DIA-341986217-C-1-CREATE-HEADLESS-DIA-1-8","Completed","Closed"
"552555758","AP-EXT-552555758-4644971-MON-2-0-DIA-341986217-C-1-CREATE-HEADLESS-DIA-1-8","Completed","Closed"
"552555758","AP-EXT-552555758-4644971-MON-2-0-DIA-341986217-C-1-CREATE-HEADLESS-DIA-1-8","Completed","Closed"
"552555758","AP-EXT-552555758-4644971-MON-2-0-DIA-341986217-C-1-CREATE-HEADLESS-DIA-1-8","Completed","Closed"
"552555758","AP-EXT-552555758-4644971-MON-2-0-DIA-341986217-C-1-CREATE-HEADLESS-DIA-1-8","Completed","Closed"
"552555758","AP-EXT-552555758-4644971-MON-2-0-DIA-341986217-C-1-CREATE-HEADLESS-DIA-1-8","Completed","Closed"
"552555758","AP-EXT-552555758-4644971-MON-2-0-DIA-341986217-C-1-CREATE-HEADLESS-DIA-1-8","Completed","Closed"
"552555758","AP-EXT-552555758-4644971-MON-2-0-DIA-341986217-C-1-CREATE-HEADLESS-DIA-1-8","Completed","Closed"
"552555758","AP-EXT-552555758-4644971-MON-2-0-DIA-341986217-C-1-CREATE-HEADLESS-DIA-1-8","Completed","Closed"
"552555758","AP-EXT-552555758-4644971-MON-2-0-DIA-341986217-C-1-CREATE-HEADLESS-DIA-1-8","Completed","Closed"
"552555758","AP-EXT-552555758-4644971-MON-2-0-DIA-341986217-C-1-CREATE-HEADLESS-DIA-1-8","Completed","Closed"
"552555758","AP-EXT-552555758-4644971-MON-2-0-DIA-341986217-C-1-CREATE-HEADLESS-DIA-1-8","Completed","Closed"
"552555758","AP-EXT-552555758-4644971-MON-2-0-DIA-341986217-C-1-CREATE-HEADLESS-DIA-1-8","Completed","Closed"
"552555758","AP-EXT-552555758-4644971-MON-2-0-DIA-341986217-C-1-CREATE-HEADLESS-DIA-1-8","Completed","Closed"
"552555758","AP-EXT-552555758-4644971-MON-2-0-DIA-341986217-C-1-CREATE-HEADLESS-DIA-1-8","Completed","Closed"
"552555758","AP-EXT-552555758-4644971-MON-2-0-DIA-341986217-C-1-CREATE-HEADLESS-DIA-1-8","Completed","Closed"
"552555758","AP-EXT-552555758-4644971-MON-2-0-DIA-341986217-C-1-CREATE-HEADLESS-DIA-1-8","Completed","Closed"
"552555758","AP-EXT-552555758-4644971-MON-2-0-DIA-341986217-C-1-CREATE-HEADLESS-DIA-1-8","Completed","Closed"
"552555758","AP-EXT-552555758-4644971-MON-2-0-DIA-341986217-C-1-CREATE-HEADLESS-DIA-1-8","Completed","Closed"
"552555758","AP-EXT-552555758-4644971-MON-2-0-DIA-341986217-C-1-CREATE-HEADLESS-DIA-1-8","Completed","Closed"
"552555758","AP-EXT-552555758-4644971-MON-2-0-DIA-341986217-C-1-CREATE-HEADLESS-DIA-1-8","Completed","Closed"
"552555758","AP-EXT-552555758-4644971-MON-2-0-DIA-341986217-C-1-CREATE-HEADLESS-DIA-1-8","Completed","Closed"
"552555758","AP-EXT-552555758-4644971-MON-2-0-DIA-341986217-C-1-CREATE-HEADLESS-DIA-1-8","Completed","Closed"
"552555758","AP-EXT-552555758-4644971-MON-2-0-DIA-341986217-C-1-CREATE-HEADLESS-DIA-1-8","Completed","Closed"
"552555758","AP-EXT-552555758-4644971-MON-2-0-DIA-341986217-C-1-CREATE-HEADLESS-DIA-1-8","Completed","Closed"
"552555758","AP-EXT-552555758-4644971-MON-2-0-DIA-341986217-C-1-CREATE-HEADLESS-DIA-1-8","Completed","Closed"
"552555758","AP-EXT-552555758-4644971-MON-2-0-DIA-341986217-C-1-CREATE-HEADLESS-DIA-1-8","Completed","Closed"
"552555758","AP-EXT-552555758-4644971-MON-2-0-DIA-341986217-C-1-CREATE-HEADLESS-DIA-1-8","Completed","Closed"
"552555758","AP-EXT-552555758-4644971-MON-2-0-DIA-341986217-C-1-CREATE-HEADLESS-DIA-1-8","Completed","Closed"
"552555758","AP-EXT-552555758-4644971-MON-2-0-DIA-341986217-C-1-CREATE-HEADLESS-DIA-1-8","Completed","Closed"
"552555758","AP-EXT-552555758-4644971-MON-2-0-DIA-341986217-C-1-CREATE-HEADLESS-DIA-1-8","Completed","Closed"
"552555758","AP-EXT-552555758-4644971-MON-2-0-DIA-341986217-C-1-CREATE-HEADLESS-DIA-1-8","Completed","Closed"
"552555758","AP-EXT-552555758-4644971-MON-2-0-DIA-341986217-C-1-CREATE-HEADLESS-DIA-1-8","Completed","Closed"
"552555758","AP-EXT-552555758-4644971-MON-2-0-DIA-341986217-C-1-CREATE-HEADLESS-DIA-1-8","Completed","Closed"
"552555758","AP-EXT-552555758-4644971-MON-2-0-DIA-341986217-C-1-CREATE-HEADLESS-DIA-1-8","Completed","Closed"
"552555758","AP-EXT-552555758-4644971-MON-2-0-DIA-341986217-C-1-CREATE-HEADLESS-DIA-1-8","Completed","Closed"
"552555758","AP-EXT-552555758-4644971-MON-2-0-DIA-341986217-C-1-CREATE-HEADLESS-DIA-1-8","Completed","Closed"
"552555758","AP-EXT-552555758-4644971-MON-2-0-DIA-341986217-C-1-CREATE-HEADLESS-DIA-1-8","Completed","Closed"
"552555758","AP-EXT-552555758-4644971-MON-2-0-DIA-341986217-C-1-CREATE-HEADLESS-DIA-1-8","Completed","Closed"
"552555758","AP-EXT-552555758-4644971-MON-2-0-DIA-341986217-C-1-CREATE-HEADLESS-DIA-1-8","Completed","Closed"
"552555758","AP-EXT-552555758-4644971-MON-2-0-DIA-341986217-C-1-CREATE-HEADLESS-DIA-1-8","Completed","Closed"
"552555758","AP-EXT-552555758-4644971-MON-2-0-DIA-341986217-C-1-CREATE-HEADLESS-DIA-1-8","Completed","Closed"
"552555758","AP-EXT-552555758-4644971-MON-2-0-DIA-341986217-C-1-CREATE-HEADLESS-DIA-1-8","Completed","Closed"
"552555758","AP-EXT-552555758-4644971-MON-2-0-DIA-341986217-C-1-CREATE-HEADLESS-DIA-1-8","Completed","Closed"
"552555758","AP-EXT-552555758-4644971-MON-2-0-DIA-341986217-C-1-CREATE-HEADLESS-DIA-1-8","Completed","Closed"
"552555758","AP-EXT-552555758-4644971-MON-2-0-DIA-341986217-C-1-CREATE-HEADLESS-DIA-1-8","Completed","Closed"
"552555758","AP-EXT-552555758-4644971-MON-2-0-DIA-341986217-C-1-CREATE-HEADLESS-DIA-1-8","Completed","Closed"
"552555758","AP-EXT-552555758-4644971-MON-2-0-DIA-341986217-C-1-CREATE-HEADLESS-DIA-1-8","Completed","Closed"
"552555758","AP-EXT-552555758-4644971-MON-2-0-DIA-341986217-C-1-CREATE-HEADLESS-DIA-1-8","Completed","Closed"
"552555758","AP-EXT-552555758-4644971-MON-2-0-DIA-341986217-C-1-CREATE-HEADLESS-DIA-1-8","Completed","Closed"
"552555758","AP-EXT-552555758-4644971-MON-2-0-DIA-341986217-C-1-CREATE-HEADLESS-DIA-1-8","Completed","Closed"
"552555758","AP-EXT-552555758-4644971-MON-2-0-DIA-341986217-C-1-CREATE-HEADLESS-DIA-1-8","Completed","Closed"
"552555758","AP-EXT-552555758-4644971-MON-2-0-DIA-341986217-C-1-CREATE-HEADLESS-DIA-1-8","Completed","Closed"
"552555758","AP-EXT-552555758-4644971-MON-2-0-DIA-341986217-C-1-CREATE-HEADLESS-DIA-1-8","Completed","Closed"
"552555758","AP-EXT-552555758-4644971-MON-2-0-DIA-341986217-C-1-CREATE-HEADLESS-DIA-1-8","Completed","Closed"
"552555758","AP-EXT-552555758-4644971-MON-2-0-DIA-341986217-C-1-CREATE-HEADLESS-DIA-1-8","Completed","Closed"
"552555758","AP-EXT-552555758-4644971-MON-2-0-DIA-341986217-C-1-CREATE-HEADLESS-DIA-1-8","Completed","Closed"
"552555758","AP-EXT-552555758-4644971-MON-2-0-DIA-341986217-C-1-CREATE-HEADLESS-DIA-1-8","Completed","Closed"
"552555758","AP-EXT-552555758-4644971-MON-2-0-DIA-341986217-C-1-CREATE-HEADLESS-DIA-1-8","Completed","Closed"
"552555758","AP-EXT-552555758-4644971-MON-2-0-DIA-341986217-C-1-CREATE-HEADLESS-DIA-1-8","Completed","Closed"
"552555758","AP-EXT-552555758-4644971-MON-2-0-DIA-341986217-C-1-CREATE-HEADLESS-DIA-1-8","Completed","Closed"
"552555758","AP-EXT-552555758-4644971-MON-2-0-DIA-341986217-C-1-CREATE-HEADLESS-DIA-1-8","Completed","Closed"
"552555758","AP-EXT-552555758-4644971-MON-2-0-DIA-341986217-C-1-CREATE-HEADLESS-DIA-1-8","Completed","Closed"
"552555758","AP-EXT-552555758-4644971-MON-2-0-DIA-341986217-C-1-CREATE-HEADLESS-DIA-1-8","Completed","Closed"
"552555758","AP-EXT-552555758-4644971-MON-2-0-DIA-341986217-C-1-CREATE-HEADLESS-DIA-1-8","Completed","Closed"
"552555758","AP-EXT-552555758-4644971-MON-2-0-DIA-341986217-C-1-CREATE-HEADLESS-DIA-1-8","Completed","Closed"
"552555758","AP-EXT-552555758-4644971-MON-2-0-DIA-341986217-C-1-CREATE-HEADLESS-DIA-1-8","Completed","Closed"
"552555758","AP-EXT-552555758-4644971-MON-2-0-DIA-341986217-C-1-CREATE-HEADLESS-DIA-1-8","Completed","Closed"
"552555758","AP-EXT-552555758-4644971-MON-2-0-DIA-341986217-C-1-CREATE-HEADLESS-DIA-1-8","Completed","Closed"
"552555758","AP-EXT-552555758-4644971-MON-2-0-DIA-341986217-C-1-CREATE-HEADLESS-DIA-1-8","Completed","Closed"
"552555758","AP-EXT-552555758-4644971-MON-2-0-DIA-341986217-C-1-CREATE-HEADLESS-DIA-1-8","Completed","Closed"
"552555758","AP-EXT-552555758-4644971-MON-2-0-DIA-341986217-C-1-CREATE-HEADLESS-DIA-1-8","Completed","Closed"
"552555758","AP-EXT-552555758-4644971-MON-2-0-DIA-341986217-C-1-CREATE-HEADLESS-DIA-1-8","Completed","Closed"
"552555758","AP-EXT-552555758-4644971-MON-2-0-DIA-341986217-C-1-CREATE-HEADLESS-DIA-1-8","Completed","Closed"
"552555758","AP-EXT-552555758-4644971-MON-2-0-DIA-341986217-C-1-CREATE-HEADLESS-DIA-1-8","Completed","Closed"
"552555758","AP-EXT-552555758-4644971-MON-2-0-DIA-341986217-C-1-CREATE-HEADLESS-DIA-1-8","Completed","Closed"
"552555758","AP-EXT-552555758-4644971-MON-2-0-DIA-341986217-C-1-CREATE-HEADLESS-DIA-1-8","Completed","Closed"
"552555758","AP-EXT-552555758-4644971-MON-2-0-DIA-341986217-C-1-CREATE-HEADLESS-DIA-1-8","Completed","Closed"
"552555758","AP-EXT-552555758-4644971-MON-2-0-DIA-341986217-C-1-CREATE-HEADLESS-DIA-1-8","Completed","Closed"
"552555758","AP-EXT-552555758-4644971-MON-2-0-DIA-341986217-C-1-CREATE-HEADLESS-DIA-1-8","Completed","Closed"
"552555758","AP-EXT-552555758-4644971-MON-2-0-DIA-341986217-C-1-CREATE-HEADLESS-DIA-1-8","Completed","Closed"
"552555758","AP-EXT-552555758-4644971-MON-2-0-DIA-341986217-C-1-CREATE-HEADLESS-DIA-1-8","Completed","Closed"
"552555758","AP-EXT-552555758-4644971-MON-2-0-DIA-341986217-C-1-CREATE-HEADLESS-DIA-1-8","Completed","Closed"
"552555758","AP-EXT-552555758-4644971-MON-2-0-DIA-341986217-C-1-CREATE-HEADLESS-DIA-1-8","Completed","Closed"
"552555758","AP-EXT-552555758-4644971-MON-2-0-DIA-341986217-C-1-CREATE-HEADLESS-DIA-1-8","Completed","Closed"
"552555758","AP-EXT-552555758-4644971-MON-2-0-DIA-341986217-C-1-CREATE-HEADLESS-DIA-1-8","Completed","Closed"
"552555758","AP-EXT-552555758-4644971-MON-2-0-DIA-341986217-C-1-CREATE-HEADLESS-DIA-1-8","Completed","Closed"
"552555758","AP-EXT-552555758-4644971-MON-2-0-DIA-341986217-C-1-CREATE-HEADLESS-DIA-1-8","Completed","Closed"
"552555758","AP-EXT-552555758-4644971-MON-2-0-DIA-341986217-C-1-CREATE-HEADLESS-DIA-1-8","Completed","Closed"
"552555758","AP-EXT-552555758-4644971-MON-2-0-DIA-341986217-C-1-CREATE-HEADLESS-DIA-1-8","Completed","Closed"
"552555758","AP-EXT-552555758-4644971-MON-2-0-DIA-341986217-C-1-CREATE-HEADLESS-DIA-1-8","Completed","Closed"
"552555758","AP-EXT-552555758-4644971-MON-2-0-DIA-341986217-C-1-CREATE-HEADLESS-DIA-1-8","Completed","Closed"
"552555758","AP-EXT-552555758-4644971-MON-2-0-DIA-341986217-C-1-CREATE-HEADLESS-DIA-1-8","Completed","Closed"
"552555758","AP-EXT-552555758-4644971-MON-2-0-DIA-341986217-C-1-CREATE-HEADLESS-DIA-1-8","Completed","Closed"
"552555758","AP-EXT-552555758-4644971-MON-2-0-DIA-341986217-C-1-CREATE-HEADLESS-DIA-1-8","Completed","Closed"
"552555758","AP-EXT-552555758-4644971-MON-2-0-DIA-341986217-C-1-CREATE-HEADLESS-DIA-1-8","Completed","Closed"
"552555758","AP-EXT-552555758-4644971-MON-2-0-DIA-341986217-C-1-CREATE-HEADLESS-DIA-1-8","Completed","Closed"
"552555758","AP-EXT-552555758-4644971-MON-2-0-DIA-341986217-C-1-CREATE-HEADLESS-DIA-1-8","Completed","Closed"
"552555758","AP-EXT-552555758-4644971-MON-2-0-DIA-341986217-C-1-CREATE-HEADLESS-DIA-1-8","Completed","Closed"
"552555758","AP-EXT-552555758-4644971-MON-2-0-DIA-341986217-C-1-CREATE-HEADLESS-DIA-1-8","Completed","Closed"
"552555758","AP-EXT-552555758-4644971-MON-2-0-DIA-341986217-C-1-CREATE-HEADLESS-DIA-1-8","Completed","Closed"
"552555758","AP-EXT-552555758-4644971-MON-2-0-DIA-341986217-C-1-CREATE-HEADLESS-DIA-1-8","Completed","Closed"
"552555758","AP-EXT-552555758-4644971-MON-2-0-DIA-341986217-C-1-CREATE-HEADLESS-DIA-1-8","Completed","Closed"
"552555758","AP-EXT-552555758-4644971-MON-2-0-DIA-341986217-C-1-CREATE-HEADLESS-DIA-1-8","Completed","Closed"
"552555758","AP-EXT-552555758-4644971-MON-2-0-DIA-341986217-C-1-CREATE-HEADLESS-DIA-1-8","Completed","Closed"
"552555758","AP-EXT-552555758-4644971-MON-2-0-DIA-341986217-C-1-CREATE-HEADLESS-DIA-1-8","Completed","Closed"
"552555758","AP-EXT-552555758-4644971-MON-2-0-DIA-341986217-C-1-CREATE-HEADLESS-DIA-1-8","Completed","Closed"
"552555758","AP-EXT-552555758-4644971-MON-2-0-DIA-341986217-C-1-CREATE-HEADLESS-DIA-1-8","Completed","Closed"
"552555758","AP-EXT-552555758-4644971-MON-2-0-DIA-341986217-C-1-CREATE-HEADLESS-DIA-1-8","Completed","Closed"
"552555758","AP-EXT-552555758-4644971-MON-2-0-DIA-341986217-C-1-CREATE-HEADLESS-DIA-1-8","Completed","Closed"
"552555758","AP-EXT-552555758-4644971-MON-2-0-DIA-341986217-C-1-CREATE-HEADLESS-DIA-1-8","Completed","Closed"
"552555758","AP-EXT-552555758-4644971-MON-2-0-DIA-341986217-C-1-CREATE-HEADLESS-DIA-1-8","Completed","Closed"
"552555758","AP-EXT-552555758-4644971-MON-2-0-DIA-341986217-C-1-CREATE-HEADLESS-DIA-1-8","Completed","Closed"
"552555758","AP-EXT-552555758-4644971-MON-2-0-DIA-341986217-C-1-CREATE-HEADLESS-DIA-1-8","Completed","Closed"
"552555758","AP-EXT-552555758-4644971-MON-2-0-DIA-341986217-C-1-CREATE-HEADLESS-DIA-1-8","Completed","Closed"
"552555758","AP-EXT-552555758-4644971-MON-2-0-DIA-341986217-C-1-CREATE-HEADLESS-DIA-1-8","Completed","Closed"
"552555758","AP-EXT-552555758-4644971-MON-2-0-DIA-341986217-C-1-CREATE-HEADLESS-DIA-1-8","Completed","Closed"
"552555758","AP-EXT-552555758-4644971-MON-2-0-DIA-341986217-C-1-CREATE-HEADLESS-DIA-1-8","Completed","Closed"
"552555758","AP-EXT-552555758-4644971-MON-2-0-DIA-341986217-C-1-CREATE-HEADLESS-DIA-1-8","Completed","Closed"
"552555758","AP-EXT-552555758-4644971-MON-2-0-DIA-341986217-C-1-CREATE-HEADLESS-DIA-1-8","Completed","Closed"
"552555758","AP-EXT-552555758-4644971-MON-2-0-DIA-341986217-C-1-CREATE-HEADLESS-DIA-1-8","Completed","Closed"
"552555758","AP-EXT-552555758-4644971-MON-2-0-DIA-341986217-C-1-CREATE-HEADLESS-DIA-1-8","Completed","Closed"
"552555758","AP-EXT-552555758-4644971-MON-2-0-DIA-341986217-C-1-CREATE-HEADLESS-DIA-1-8","Completed","Closed"
"552555758","AP-EXT-552555758-4644971-MON-2-0-DIA-341986217-C-1-CREATE-HEADLESS-DIA-1-8","Completed","Closed"
"552555758","AP-EXT-552555758-4644971-MON-2-0-DIA-341986217-C-1-CREATE-HEADLESS-DIA-1-8","Completed","Closed"
"552555758","AP-EXT-552555758-4644971-MON-2-0-DIA-341986217-C-1-CREATE-HEADLESS-DIA-1-8","Completed","Closed"
"552555758","AP-EXT-552555758-4644971-MON-2-0-DIA-341986217-C-1-CREATE-HEADLESS-DIA-1-8","Completed","Closed"
"552555758","AP-EXT-552555758-4644971-MON-2-0-DIA-341986217-C-1-CREATE-HEADLESS-DIA-1-8","Completed","Closed"
"552555758","AP-EXT-552555758-4644971-MON-2-0-DIA-341986217-C-1-CREATE-HEADLESS-DIA-1-8","Completed","Closed"
"552555758","AP-EXT-552555758-4644971-MON-2-0-DIA-341986217-C-1-CREATE-HEADLESS-DIA-1-8","Completed","Closed"
"552555758","AP-EXT-552555758-4644971-MON-2-0-DIA-341986217-C-1-CREATE-HEADLESS-DIA-1-8","Completed","Closed"
"552555758","AP-EXT-552555758-4644971-MON-2-0-DIA-341986217-C-1-CREATE-HEADLESS-DIA-1-8","Completed","Closed"
"552555758","AP-EXT-552555758-4644971-MON-2-0-DIA-341986217-C-1-CREATE-HEADLESS-DIA-1-8","Completed","Closed"
"552555758","AP-EXT-552555758-4644971-MON-2-0-DIA-341986217-C-1-CREATE-HEADLESS-DIA-1-8","Completed","Closed"
"552555758","AP-EXT-552555758-4644971-MON-2-0-DIA-341986217-C-1-CREATE-HEADLESS-DIA-1-8","Completed","Closed"
"552555758","AP-EXT-552555758-4644971-MON-2-0-DIA-341986217-C-1-CREATE-HEADLESS-DIA-1-8","Completed","Closed"
"552555758","AP-EXT-552555758-4644971-MON-2-0-DIA-341986217-C-1-CREATE-HEADLESS-DIA-1-8","Completed","Closed"
"552555758","AP-EXT-552555758-4644971-MON-2-0-DIA-341986217-C-1-CREATE-HEADLESS-DIA-1-8","Completed","Closed"
"552555758","AP-EXT-552555758-4644971-MON-2-0-DIA-341986217-C-1-CREATE-HEADLESS-DIA-1-8","Completed","Closed"
"552555758","AP-EXT-552555758-4644971-MON-2-0-DIA-341986217-C-1-CREATE-HEADLESS-DIA-1-8","Completed","Closed"
"552555758","AP-EXT-552555758-4644971-MON-2-0-DIA-341986217-C-1-CREATE-HEADLESS-DIA-1-8","Completed","Closed"
"552555758","AP-EXT-552555758-4644971-MON-2-0-DIA-341986217-C-1-CREATE-HEADLESS-DIA-1-8","Completed","Closed"
"552555758","AP-EXT-552555758-4644971-MON-2-0-DIA-341986217-C-1-CREATE-HEADLESS-DIA-1-8","Completed","Closed"
"552555758","AP-EXT-552555758-4644971-MON-2-0-DIA-341986217-C-1-CREATE-HEADLESS-DIA-1-8","Completed","Closed"
"552555758","AP-EXT-552555758-4644971-MON-2-0-DIA-341986217-C-1-CREATE-HEADLESS-DIA-1-8","Completed","Closed"
"552555758","AP-EXT-552555758-4644971-MON-2-0-DIA-341986217-C-1-CREATE-HEADLESS-DIA-1-8","Completed","Closed"
"552555758","AP-EXT-552555758-4644971-MON-2-0-DIA-341986217-C-1-CREATE-HEADLESS-DIA-1-8","Completed","Closed"
"552555758","AP-EXT-552555758-4644971-MON-2-0-DIA-341986217-C-1-CREATE-HEADLESS-DIA-1-8","Completed","Closed"
"552555758","AP-EXT-552555758-4644971-MON-2-0-DIA-341986217-C-1-CREATE-HEADLESS-DIA-1-8","Completed","Closed"
"552555758","AP-EXT-552555758-4644971-MON-2-0-DIA-341986217-C-1-CREATE-HEADLESS-DIA-1-8","Completed","Closed"
"552555758","AP-EXT-552555758-4644971-MON-2-0-DIA-341986217-C-1-CREATE-HEADLESS-DIA-1-8","Completed","Closed"
"552555758","AP-EXT-552555758-4644971-MON-2-0-DIA-341986217-C-1-CREATE-HEADLESS-DIA-1-8","Completed","Closed"
"552555758","AP-EXT-552555758-4644971-MON-2-0-DIA-341986217-C-1-CREATE-HEADLESS-DIA-1-8","Completed","Closed"
"552555758","AP-EXT-552555758-4644971-MON-2-0-DIA-341986217-C-1-CREATE-HEADLESS-DIA-1-8","Completed","Closed"
"552555758","AP-EXT-552555758-4644971-MON-2-0-DIA-341986217-C-1-CREATE-HEADLESS-DIA-1-8","Completed","Closed"
"552555758","AP-EXT-552555758-4644971-MON-2-0-DIA-341986217-C-1-CREATE-HEADLESS-DIA-1-8","Completed","Closed"
"552555758","AP-EXT-552555758-4644971-MON-2-0-DIA-341986217-C-1-CREATE-HEADLESS-DIA-1-8","Completed","Closed"
"552555758","AP-EXT-552555758-4644971-MON-2-0-DIA-341986217-C-1-CREATE-HEADLESS-DIA-1-8","Completed","Closed"
"552555758","AP-EXT-552555758-4644971-MON-2-0-DIA-341986217-C-1-CREATE-HEADLESS-DIA-1-8","Completed","Closed"
"552555758","AP-EXT-552555758-4644971-MON-2-0-DIA-341986217-C-1-CREATE-HEADLESS-DIA-1-8","Completed","Closed"
"552555758","AP-EXT-552555758-4644971-MON-2-0-DIA-341986217-C-1-CREATE-HEADLESS-DIA-1-8","Completed","Closed"
"553259595","AP-EXT-553259595-4906688-MON-1-0-1001-UNI-345482045-C-1-CREATE-UNI-1-5","Completed","Ordered"
"553079999","AP-EXT-553079999-4713596-MON-1-0-1001-UNI-344645352-1-CREATE-UNI-1-5","Completed","Cancelled"
"552770099","AP-EXT-552770099-4618040-MON-2-0-xVC-343234811-D-1-DELETE-XVC-TL-1-8","Completed","Cancelled"
"553311847","AP-EXT-553311847-4972804-MON-2-0-xVC-345679542-D-1-DELETE-XVC-TL-1-8","Completed","Cancelled"
"553231967","AP-EXT-553231967-4882113-MON-2-0-xVC-345378109-D-1-DELETE-XVC-TL-1-8","Completed","Cancelled"
"552803548","AP-EXT-552803548-4426705-MON-2-0-xVC-343221269-D-1-DELETE-XVC-TL-1-8","Completed","Cancelled"
"553310956","AP-EXT-553310956-4968832-MON-2-0-xVC-345676228-D-1-DELETE-XVC-TL-1-8","Completed","Cancelled"
"553064585","AP-EXT-553064585-4683561-MON-2-0-xVC-344657486-D-1-DELETE-XVC-TL-1-8","Completed","Cancelled"
"552696004","AP-EXT-552696004-4259879-MON-2-0-xVC-343162616-D-1-DELETE-XVC-TL-1-8","Completed","Cancelled"
"553204449","AP-EXT-553204449-4844238-MON-2-0-xVC-345257703-D-1-DELETE-XVC-TL-1-8","Completed","Cancelled"
"553303124","AP-EXT-553303124-4964233-MON-1-1-UNI-345258447-D-1-DELETE-UNI-1-5","Completed","Closed"
"553188332","AP-EXT-553188332-4826817-MON-2-0-xVC-345189706-D-1-DELETE-XVC-TL-1-8","Completed","Cancelled"
"553247417","AP-EXT-553247417-4894221-MON-2-0-xVC-345427621-D-1-DELETE-XVC-TL-1-8","Completed","Cancelled"
"553200035","AP-EXT-553200035-4836252-MON-4-0-xVC-345238669-D-1-DELETE-XVC-TL-1-8","Completed","Cancelled"
"553274839","AP-EXT-553274839-4931767-MON-2-0-xVC-345539791-D-1-DELETE-XVC-TL-1-8","Completed","Cancelled"
"553031364","AP-EXT-553031364-4645034-MON-2-0-xVC-344548870-D-1-DELETE-XVC-TL-1-8","Completed","Cancelled"
"553168868","AP-EXT-553168868-4807441-MON-2-0-xVC-345109791-D-1-DELETE-XVC-TL-1-8","Completed","Cancelled"
"553168584","AP-EXT-553168584-4806980-MON-2-0-xVC-345108355-D-1-DELETE-XVC-TL-1-8","Completed","Cancelled"
"553207214","AP-EXT-553207214-4843620-MON-2-0-UNI-345269226-D-1-DELETE-UNI-1-5","Completed","Cancelled"
"553242664","AP-EXT-553242664-4889740-MON-3-0-xVC-345408020-D-1-DELETE-XVC-TL-1-8","Completed","Cancelled"
"553262576","AP-EXT-553262576-4912067-MON-2-0-xVC-345493788-D-1-DELETE-XVC-TL-1-8","Completed","Cancelled"
"553233938","AP-EXT-553233938-4882186-MON-2-0-xVC-345380875-D-1-DELETE-XVC-TL-1-8","Completed","Cancelled"
"553185194","AP-EXT-553185194-4821711-MON-1-0-xVC-331260264-D-1-DELETE-XVC-TL-1-8","Completed","Cancelled"
"553191019","AP-EXT-553191019-4826868-MON-2-0-xVC-345199477-D-1-DELETE-XVC-TL-1-8","Completed","Cancelled"
"553025067","AP-EXT-553025067-4639084-MON-2-0-xVC-344521165-D-1-DELETE-XVC-TL-1-8","Completed","Cancelled"
"553143281","AP-EXT-553143281-4775643-MON-2-0-xVC-345001376-D-1-DELETE-XVC-TL-1-8","Completed","Cancelled"
"553124400","AP-EXT-553124400-4756678-MON-2-0-xVC-344911664-D-1-DELETE-XVC-TL-1-8","Completed","Cancelled"
"553147694","AP-EXT-553147694-4783216-MON-2-0-xVC-345018873-D-1-DELETE-XVC-TL-1-8","Completed","Cancelled"
"553061702","AP-EXT-553061702-4690158-MON-2-0-xVC-344654387-D-1-DELETE-XVC-TL-1-8","Completed","Cancelled"
"553067187","AP-EXT-553067187-4687645-MON-1-0-1-DELETE-XVC-TL-1-8","Completed","Closed"
"553035626","AP-EXT-553035626-4649532-MON-2-0-1-DELETE-XVC-TL-1-8","Completed","Cancelled"
"552914168","AP-EXT-552914168-4496144-MON-2-0-1-DELETE-XVC-TL-1-8","Completed","Cancelled"
"553054388","AP-EXT-553054388-4670628-MON-2-1-1-DELETE-XVC-TL-1-8","Failed","Cancelled"
"553080754","AP-EXT-553080754-4706993-MON-2-0-1-DELETE-XVC-TL-1-8","Completed","Cancelled"
"552540500","AP-EXT-552540500-4193146-MON-1-0-DIA-340410925-1-DELETE-DIA-1-11","Completed","Closed"
"552555758","AP-EXT-552555758-4644971-MON-2-0-DIA-341986217-C-1-CREATE-HEADLESS-DIA-1-9","Completed","Closed"
"552555758","AP-EXT-552555758-4644971-MON-2-0-DIA-341986217-C-1-CREATE-OLINE-1-3","Completed","Closed"
"553115164","AP-EXT-553115164-4759263-MON-1-0-1001-UNI-344737696-C-1-CREATE-UNI-1-6","Completed","Ordered"
"n/a","AP-EXT-552251087-3665840-MON-1-0-1-DELETE-OLINE-2-1-6","Error","n/a"
"n/a","AP-EXT-552396617-3883378-MON-1-0-1-DELETE-OLINE-1-1-6","Error","n/a"
"n/a","AP-EXT-552350760-3807890-MON-1-0-1-DELETE-OLINE-2-1-6","Error","n/a"
"n/a","AP-EXT-552351574-3812418-MON-1-0-1-DELETE-OLINE-2-1-6","Error","n/a"
"n/a","AP-EXT-552359766-3820391-MON-1-0-1-DELETE-OLINE-1-1-6","Error","n/a"
"n/a","AP-EXT-552334700-3801761-MON-1-0-1-DELETE-OLINE-2-1-6","Error","n/a"
"n/a","AP-EXT-553255104-4901991-MON-1-0-1-UPDATE-XVC-TL-1-12","Error","n/a"

